exp_id	commit	recall	latency_ms	llm_cost_usd	status	description
exp_000	1ae9ca8	0.441176	18.8	0.000000	keep	baseline
exp_001	discarded	0.235294	20.7	0.000280	discard	RRF fusion of BM25 and FAISS.
exp_002	discarded	0.235294	25.7	0.000271	discard	BM25 title boost weighted ranking
exp_003	discarded	0.235294	20.5	0.000316	discard	BM25 scores combined with FAISS
exp_004	discarded	0.254902	19.2	0.000282	discard	Hybrid search using normalized BM25
exp_005	discarded	0.225490	8.4	0.000285	discard	Re-rank candidate pool using genres
exp_006	discarded	0.362745	10.7	0.000295	discard	Increase candidate pool size.
exp_007	7d0d018	0.450980	8.1	0.000285	keep	Increase candidate pool to 100.
exp_008	discarded	0.205882	8.5	0.000282	discard	Pool expansion with genre boost
exp_009	discarded	0.245098	25.4	0.000321	discard	Re-rank using weighted BM25 scores.
exp_010	discarded	0.254902	21.1	0.000329	discard	Hybrid BM25 and FAISS search.
exp_011	discarded	0.235294	20.0	0.000358	discard	Candidate pool expansion with BM25-based rank filtering.
exp_012	discarded	0.235294	21.9	0.000316	discard	Larger pool, weighted hybrid scoring.
exp_013	discarded	0.196078	8.6	0.000266	discard	Larger pool, minimal re-ranking.
exp_014	discarded	0.196078	7.8	0.000273	discard	Expand pool, use pure cosine.
exp_015	discarded	0.235294	22.4	0.000338	discard	Combine vector search and BM25.
exp_016	discarded	0.235294	16.5	0.000316	discard	Title boost via query duplication.
exp_017	discarded	0.431373	8.0	0.000304	discard	Candidate expansion with popularity reweighting.
exp_018	discarded	0.196078	7.9	0.000307	discard	Hybrid FAISS with genre filtering.
exp_019	discarded	0.225490	63.8	0.000350	discard	Hybrid search with BM25 reranking.
exp_020	crash	0.000000	0.0	0.000256	crash	Use pure FAISS with L2 normalization.
exp_021	discarded	0.235294	20.1	0.000344	discard	BM25 score-boosted vector search
exp_022	discarded	0.196078	10.6	0.000276	discard	BM25 only on full text
exp_023	discarded	0.264706	19.7	0.000351	discard	BM25 on title, vector overview.
exp_024	discarded	0.196078	13.3	0.000329	discard	Weighted genre bias on FAISS
exp_025	discarded	0.196078	7.7	0.000309	discard	Filter by vote count threshold.
exp_026	discarded	0.245098	19.9	0.000366	discard	Hybrid BM25 and Vector Search
exp_027	discarded	0.254902	25.3	0.000365	discard	# Boosted Reciprocal Rank Fusion
exp_028	discarded	0.235294	20.7	0.000357	discard	Simple RRF using BM25 and FAISS
exp_029	discarded	0.196078	7.6	0.000293	discard	Baseline vector search with normalization.
exp_030	discarded	0.245098	21.6	0.000360	discard	Weighted BM25 and Vector Fusion
exp_031	discarded	0.196078	7.0	0.000260	discard	Pure FAISS on title field.
exp_032	discarded	0.235294	19.7	0.000344	discard	RRF with normalized BM25 scores
exp_033	discarded	0.254902	22.4	0.000323	discard	BM25 and FAISS simple intersection.
exp_034	discarded	0.196078	10.5	0.000268	discard	Use BM25 for initial retrieval.
exp_035	discarded	0.196078	8.4	0.000266	discard	Pure FAISS with max pool.
exp_036	discarded	0.068627	19.1	0.000378	discard	Weighted hybrid search with normalization
exp_037	discarded	0.245098	28.2	0.000393	discard	Title-weighted BM25 plus vector search
exp_038	discarded	0.245098	20.7	0.000351	discard	Boosted hybrid with genre intersection
exp_039	discarded	0.245098	754.8	0.000323	discard	BM25 top 500 re-rank
exp_040	discarded	0.196078	7.4	0.000291	discard	Simple vector search with normalization.
exp_041	discarded	0.196078	8.4	0.000277	discard	Pure FAISS with larger pool.
exp_042	discarded	0.196078	10.7	0.000281	discard	BM25 retrieval ranked by BM25.
exp_043	discarded	0.245098	20.2	0.000364	discard	Hybrid search via BM25 scores.
exp_044	discarded	0.225490	20.7	0.000308	discard	Expand pool, re-rank with BM25.
exp_045	discarded	0.362745	11.5	0.000354	discard	BM25 over concatenated metadata
exp_046	discarded	0.205882	21.5	0.000326	discard	BM25 on title, FAISS overview.
exp_047	discarded	0.196078	12.4	0.000286	discard	# Pure BM25 on title/overview
exp_048	discarded	0.245098	20.4	0.000341	discard	Hybrid BM25 and vector search.
exp_049	discarded	0.245098	24.1	0.000386	discard	# Normalize scores and RRF
exp_050	discarded	0.225490	31.9	0.000384	discard	Hybrid BM25 and vector union
exp_052	discarded	0.235294	21.9	0.000381	discard	# BM25 title plus vector cosine
exp_053	discarded	0.450980	7.7	0.000402	discard	# FAISS normalization and genre filtering
exp_054	discarded	0.196078	8.0	0.000284	discard	# Pure FAISS L2 search
exp_055	discarded	0.225490	19.6	0.000357	discard	# BM25 title score multiplication
exp_056	discarded	0.196078	9.3	0.000312	discard	Expand candidate pool to 200.
exp_057	discarded	0.225490	21.8	0.000367	discard	BM25 title match re-rank
exp_058	discarded	0.245098	20.0	0.000386	discard	# Hybrid search with BM25 reranking
exp_059	discarded	0.225490	20.1	0.000353	discard	# BM25 title plus vector score
exp_060	discarded	0.235294	20.4	0.000372	discard	Weighted hybrid with raw scores.
exp_061	discarded	0.215686	21.0	0.000374	discard	BM25 title match filter
exp_062	discarded	0.196078	10.3	0.000292	discard	# Simple BM25 ranking on overview
exp_063	discarded	0.235294	21.5	0.000375	discard	Hybrid search with BM25 score scaling.
exp_064	discarded	0.196078	9.6	0.000355	discard	Genre-weighted hybrid vector search.
exp_065	discarded	0.196078	8.0	0.000319	discard	Pure FAISS with larger pool.
exp_066	discarded	0.156863	8.9	0.000352	discard	Rerank FAISS using title matching
exp_067	discarded	0.156863	10.9	0.000359	discard	Pure FAISS with title-boosted vectors.
exp_068	discarded	0.264706	19.8	0.000374	discard	BM25 and FAISS score integration
exp_069	ec0f950	0.509804	8.6	0.000379	keep	# Hybrid search with metadata rescale
exp_070	discarded	0.450980	8.6	0.000389	discard	# Multi-stage ranking with genre bias
exp_071	discarded	0.225490	20.3	0.000398	discard	# BM25 title and FAISS overview
exp_072	discarded	0.323529	8.5	0.000370	discard	# FAISS candidate pool boosting
exp_073	discarded	0.196078	10.3	0.000316	discard	# Pure BM25 over full text
exp_074	discarded	0.235294	16.4	0.000331	discard	# Boost FAISS by query expansion
exp_075	discarded	0.254902	19.9	0.000375	discard	# Two-stage rerank using BM25
exp_076	discarded	0.176471	1965.8	0.000379	discard	# Rank by embedding cosine similarity
exp_077	discarded	0.235294	19.8	0.000394	discard	# Soft-weighted BM25/FAISS rank hybrid
exp_078	discarded	0.196078	9.0	0.000319	discard	# Pure FAISS search L2
exp_079	discarded	0.235294	8.2	0.000403	discard	# Rerank with genre match
exp_080	discarded	0.107843	8.5	0.000382	discard	# BM25 title word match boost
exp_081	discarded	0.107843	20.4	0.000386	discard	# BM25 title word match boost
exp_082	discarded	0.245098	19.7	0.000398	discard	# Hybrid BM25 score fusion
exp_083	discarded	0.215686	8.2	0.000372	discard	# Exponential vector score boosting
exp_084	discarded	0.196078	10.4	0.000325	discard	# Pure BM25 over concatenated text
exp_085	discarded	0.254902	334.6	0.000396	discard	# BM25 retrieve, rerank with FAISS
exp_086	discarded	0.107843	7.8	0.000390	discard	BM25 title match re-scoring
exp_087	discarded	0.235294	10693.5	0.000452	discard	# BM25 retrieve 1000, rerank FAISS
exp_088	discarded	0.196078	8.3	0.000351	discard	# Pure FAISS with cosine similarity
exp_089	discarded	0.196078	9.9	0.000338	discard	# Pure BM25 retrieval on full text
exp_090	discarded	0.245098	20.1	0.000427	discard	Hybrid search with BM25 score scaling.
exp_091	discarded	0.196078	8.4	0.000355	discard	# Pure FAISS with large candidate pool
exp_092	discarded	0.245098	19.5	0.000432	discard	Simple RRF on title/overview
exp_093	discarded	0.382353	19.9	0.000446	discard	Weighted popularity, rating, and BM25.
exp_094	discarded	0.480392	10.8	0.000422	discard	# Multi-vector query expansion search
exp_095	discarded	0.196078	17.4	0.000408	discard	# FAISS distance with genre boost
exp_096	discarded	0.450980	8.2	0.000428	discard	# Semantic search with genre-weighting
exp_097	discarded	0.245098	20.1	0.000413	discard	# BM25 retrieve, hybrid score rerank
exp_098	discarded	0.215686	20.8	0.000431	discard	# BM25 title word match boost
exp_099	discarded	0.225490	21.1	0.000422	discard	Weighted cosine and BM25 rank product
exp_100	discarded	0.176471	1989.6	0.000417	discard	# Two-pass FAISS with cosine similarity
exp_101	discarded	0.235294	20.6	0.000444	discard	# Weighted BM25 and FAISS re-ranking
exp_102	discarded	0.196078	8.3	0.000363	discard	# FAISS index with inner product
exp_103	discarded	0.196078	7.7	0.000366	discard	Pure FAISS with 1000 candidate pool.
exp_104	discarded	0.235294	20.1	0.000421	discard	# RRF of BM25 and FAISS
exp_105	discarded	0.225490	20.1	0.000413	discard	# BM25 title score multiplicative boost
exp_106	discarded	0.196078	20.6	0.000439	discard	# FAISS-BM25 ensemble with log normalization
exp_107	discarded	0.225490	8.6	0.000413	discard	# FAISS semantic search with genre binary boost
exp_108	discarded	0.196078	8.8	0.000349	discard	# Pure FAISS with distance rescaling
exp_109	discarded	0.196078	18.4	0.000408	discard	Pure BM25 with title weight.
exp_110	discarded	0.196078	9.7	0.000362	discard	# Pure BM25 over title/overview
exp_111	discarded	0.225490	10.5	0.000420	discard	# Vector search with genre filtering
exp_112	crash	0.000000	0.0	0.000428	crash	Vector search with release date boost.
exp_113	discarded	0.245098	8.2	0.000451	discard	# Hybrid rerank with popularity prior
exp_114	discarded	0.156863	8.5	0.000433	discard	# BM25 title word match boost
exp_115	discarded	0.235294	20.3	0.000511	discard	# BM25 + FAISS via dot product
exp_116	discarded	0.196078	289.7	0.000437	discard	# Re-rank candidates using cosine similarity
exp_117	discarded	0.245098	1442.4	0.000456	discard	# BM25 retrieve 1000, rerank FAISS
exp_118	discarded	0.205882	31.7	0.000448	discard	Weighted genre match on BM25
exp_119	discarded	0.254902	21.0	0.000478	discard	# Linear scale BM25 and FAISS
exp_120	discarded	0.205882	22.8	0.000476	discard	# Embed title/overview separately, rerank with FAISS
exp_121	discarded	0.382353	11.2	0.000451	discard	# BM25 retrieve, re-rank with rating
exp_122	discarded	0.205882	275.1	0.000471	discard	# Re-rank via BM25 scores on top 1000 candidates
exp_123	discarded	0.215686	20.2	0.000469	discard	# Rank by BM25, filter by FAISS.
exp_124	discarded	0.225490	7.6	0.000434	discard	# Vector search with genre-weighted boost
exp_125	discarded	0.196078	7.8	0.000404	discard	# FAISS dot product with L2 normalize
exp_126	discarded	0.245098	20.5	0.000461	discard	# BM25 retrieve 1000, sort by FAISS
exp_127	discarded	0.460784	7.5	0.000452	discard	# Hybrid FAISS with vote_count log-boost
exp_128	discarded	0.245098	21.3	0.000499	discard	# Hybrid search with score z-score fusion
exp_129	discarded	0.196078	8.7	0.000398	discard	# Pure FAISS with large pool
exp_130	discarded	0.254902	20.6	0.000466	discard	# Boosted BM25 with FAISS reranking
exp_131	discarded	0.245098	22.8	0.000495	discard	# BM25 title weight and FAISS
exp_132	discarded	0.215686	65.2	0.000508	discard	Two-pass re-rank with embedding refinement
exp_133	discarded	0.196078	9.8	0.000443	discard	# Exact match title boosting
exp_134	discarded	0.196078	8.7	0.000462	discard	# Rerank with text-overlap scoring
exp_135	discarded	0.196078	7.7	0.000400	discard	# Pure FAISS with large candidate pool
exp_136	discarded	0.245098	20.4	0.000451	discard	# Filter pool, then re-rank with BM25
exp_137	crash	0.000000	0.0	0.000456	crash	# FAISS candidate retrieval with BM25 rerank
exp_138	discarded	0.254902	2021.7	0.000501	discard	# BM25 retrieve, re-rank by cosine
exp_139	discarded	0.225490	20.5	0.000492	discard	# Hybrid ranking via scalar product
exp_140	crash	0.000000	0.0	0.000531	crash	# Adaptive thresholded BM25-FAISS fusion
exp_141	discarded	0.245098	20.0	0.000537	discard	# Genre-aware BM25 hybrid ranking
exp_142	discarded	0.225490	295.4	0.000551	discard	# Multi-stage BM25-FAISS cascading retrieval
exp_143	discarded	0.186275	346.9	0.000552	discard	# BM25 title word match boost
exp_144	discarded	0.196078	7.5	0.000493	discard	# FAISS search with genre boosting
exp_145	discarded	0.372549	8.5	0.000542	discard	# Feature-weighted FAISS cosine search
exp_146	discarded	0.254902	2061.8	0.000505	discard	# BM25 retrieve, re-rank by embedding
exp_147	discarded	0.196078	8.3	0.000451	discard	Pure FAISS with larger pool
exp_148	discarded	0.235294	20.1	0.000520	discard	# Weighted RRF on title/overview/genres
exp_149	discarded	0.176471	20.9	0.000501	discard	# BM25 title score multiplier
exp_150	discarded	0.460784	9.2	0.000512	discard	# Multi-field embedding weighted retrieval
exp_151	discarded	0.196078	10.4	0.000442	discard	# BM25 retrieve, re-rank by BM25
exp_152	discarded	0.196078	7.8	0.000456	discard	# Pure FAISS with distance truncation
exp_153	discarded	0.196078	7.5	0.000426	discard	# FAISS with L2 normalization
exp_154	discarded	0.333333	8.9	0.000478	discard	# FAISS search with L2-normalized score scaling
exp_155	discarded	0.235294	8.0	0.000485	discard	# Re-rank via genre/rating overlap
exp_156	discarded	0.362745	8.1	0.000475	discard	# Logarithmic popularity boosted FAISS
exp_157	discarded	0.196078	8.2	0.000525	discard	# Simple cosine similarity on overview
exp_158	discarded	0.480392	8.2	0.000475	discard	# Popularity-weighted vector similarity search
exp_159	discarded	0.147059	8.5	0.000490	discard	# FAISS recall with simple title-overlap boost
exp_160	discarded	0.352941	20.2	0.000513	discard	# Multi-field embedding weighted retrieval
exp_161	discarded	0.196078	7.6	0.000425	discard	# Pure FAISS with distance clipping
exp_162	discarded	0.196078	7.9	0.000415	discard	# Pure FAISS, no overhead
exp_163	discarded	0.196078	7.6	0.000417	discard	# Pure FAISS with distance scale
exp_164	discarded	0.196078	8.2	0.000434	discard	# FAISS with title-text concatenation
exp_165	discarded	0.196078	8.2	0.000490	discard	# Rank by FAISS, genre match boost.
exp_166	discarded	0.392157	20.1	0.000532	discard	# Log-popularity weighted BM25 and FAISS
exp_167	discarded	0.196078	8.7	0.000501	discard	# FAISS with rank-based score conversion
exp_168	discarded	0.225490	19.7	0.000511	discard	# BM25 title and overview hybrid
exp_169	discarded	0.196078	7.2	0.000425	discard	# Pure FAISS L2 search
exp_170	discarded	0.225490	145.7	0.000491	discard	# BM25 title score multiplicative boost
exp_171	discarded	0.460784	8.2	0.000484	discard	# Simple FAISS with vote-weighted rank
exp_172	discarded	0.196078	8.3	0.000428	discard	# FAISS with raw L2 distance
exp_173	discarded	0.196078	7.6	0.000454	discard	# FAISS with inverse-distance ranking
exp_174	discarded	0.196078	9.8	0.000434	discard	# Simple BM25 over title field
exp_175	discarded	0.196078	7.9	0.000457	discard	# Pure FAISS with distance rescaling
exp_176	discarded	0.421569	8.3	0.000509	discard	# FAISS top-k candidate rating boost
exp_177	discarded	0.245098	20.2	0.000500	discard	# BM25 title word match boost
exp_178	discarded	0.196078	7.9	0.000478	discard	# FAISS with L2 normalization
exp_179	discarded	0.225490	9.6	0.000497	discard	# FAISS retrieval with genre-similarity bias
exp_180	discarded	0.225490	20.2	0.000586	discard	# Use BM25 on title, FAISS on overview
exp_181	discarded	0.196078	7.2	0.000495	discard	# Rank by embedding and genres
exp_182	discarded	0.196078	7.9	0.000473	discard	# FAISS with inner product index
exp_183	discarded	0.225490	8.3	0.000503	discard	# FAISS with rerank using genres
exp_184	discarded	0.117647	8.1	0.000488	discard	# FAISS index with popularity penalty
exp_185	discarded	0.196078	7.8	0.000442	discard	# Pure FAISS, no extra logic
exp_186	discarded	0.196078	7.7	0.000465	discard	# Pure FAISS with top-k 1000
exp_187	discarded	0.196078	8.1	0.000513	discard	# Pure FAISS with genre-boost
exp_188	discarded	0.441176	8.3	0.000513	discard	# Log-popularity and rating boost
exp_189	discarded	0.323529	9.6	0.000503	discard	# Log-popularity boosted FAISS search
exp_190	discarded	0.480392	7.7	0.000512	discard	# Embed full text, weighted reranking
exp_191	discarded	0.245098	20.0	0.000515	discard	# BM25 title and overview hybrid
exp_192	discarded	0.196078	9.0	0.000474	discard	# Pure FAISS L2 normalization
exp_193	discarded	0.450980	8.2	0.000516	discard	# Rerank with vote-count log-popularity
exp_194	discarded	0.196078	8.7	0.000497	discard	# FAISS index with inner product
exp_195	discarded	0.411765	8.7	0.000507	discard	# Pure FAISS with popularity log-rank
exp_196	discarded	0.333333	8.2	0.000547	discard	# Soft-normalized hybrid vector score
exp_197	discarded	0.196078	8.1	0.000513	discard	FAISS retrieval with weighted genres
exp_198	discarded	0.196078	8.5	0.000523	discard	# Pure FAISS with genre bias
exp_199	discarded	0.196078	9.4	0.000472	discard	# Pure FAISS with thresholded normalization
exp_200	discarded	0.441176	8.4	0.000495	discard	# Popularity weighted FAISS
exp_201	discarded	0.196078	8.0	0.000465	discard	# Pure FAISS with 500 pool
exp_202	discarded	0.196078	9.8	0.000460	discard	Pure FAISS similarity search.
exp_203	discarded	0.245098	19.4	0.000531	discard	# Hybrid score BM25 and FAISS
exp_204	discarded	0.196078	8.2	0.000467	discard	# FAISS with L2 similarity
exp_205	discarded	0.225490	19.6	0.000526	discard	# Hybrid BM25 and FAISS re-ranking
exp_206	discarded	0.235294	20.8	0.000583	discard	# Multi-field rank sum normalization
exp_207	discarded	0.196078	8.4	0.000466	discard	# Pure FAISS L2 search
exp_208	crash	0.000000	0.0	0.000537	crash	# BM25 title score multiplicative boost
exp_209	discarded	0.441176	8.6	0.000551	discard	# Weighted popularity and rating boost
exp_210	discarded	0.107843	8.5	0.000537	discard	# BM25 title word match boost
exp_211	discarded	0.196078	8.8	0.000542	discard	# FAISS with genre-weighted boost
exp_212	discarded	0.196078	9.9	0.000491	discard	# Pure FAISS L2 search
exp_213	discarded	0.196078	9.2	0.000491	discard	Pure FAISS index search
exp_214	discarded	0.225490	8.1	0.000549	discard	# Query-based FAISS index weighting
exp_215	discarded	0.196078	10.1	0.000493	discard	# Pure FAISS L2 search
exp_216	discarded	0.431373	8.2	0.000556	discard	# Pure FAISS with genre-metadata rank
exp_217	discarded	0.196078	7.5	0.000495	discard	# Pure FAISS L2 search
exp_218	discarded	0.196078	8.0	0.000500	discard	Pure FAISS with 500 pool
exp_219	discarded	0.225490	8.3	0.000538	discard	# Simple FAISS with genre-boost
exp_220	discarded	0.196078	7.2	0.000490	discard	# FAISS search with inverse L2
exp_221	discarded	0.225490	19.9	0.000588	discard	# Multi-model hybrid with weight decay
exp_222	discarded	0.500000	8.3	0.000535	discard	# Pure FAISS with popularity-rating product
exp_223	discarded	0.294118	7.7	0.000559	discard	# FAISS L2 with release year
exp_224	discarded	0.343137	8.2	0.000528	discard	# FAISS similarity with rating boost
exp_225	discarded	0.196078	8.5	0.000503	discard	# Pure FAISS with distance normalization
exp_226	discarded	0.196078	8.2	0.000562	discard	# Pure FAISS with genre-boosted scores
exp_227	discarded	0.107843	9.0	0.000548	discard	# BM25 title word match boost
exp_228	discarded	0.254902	326.9	0.000562	discard	# BM25 retrieve, then FAISS rerank
exp_229	discarded	0.480392	8.0	0.000556	discard	# Simple FAISS with vote boost
exp_230	discarded	0.196078	9.3	0.000580	discard	# FAISS with genre-match filtering
exp_231	discarded	0.196078	8.8	0.000513	discard	# Pure FAISS with top-k 1000
exp_232	discarded	0.431373	8.3	0.000557	discard	# Simple FAISS with vote boost
exp_233	discarded	0.294118	8.4	0.000547	discard	Pure FAISS with logarithmic boost
exp_234	discarded	0.205882	168.9	0.000551	discard	# Two-stage FAISS re-ranking
exp_235	discarded	0.196078	8.0	0.000542	discard	# Pure FAISS with popularity scalar
exp_236	discarded	0.196078	10.8	0.000508	discard	# Simple FAISS distance inverse
exp_237	discarded	0.196078	8.5	0.000503	discard	# Pure FAISS with distance normalization
exp_238	discarded	0.235294	8.0	0.000588	discard	# Pure FAISS with genre-boosted ranking
exp_239	discarded	0.245098	20.0	0.000573	discard	# RRF of BM25 and FAISS
exp_240	discarded	0.196078	8.0	0.000512	discard	Pure FAISS with 1000 pool
exp_241	discarded	0.401961	8.3	0.000559	discard	# Pure FAISS with popularity log-rank
exp_242	discarded	0.245098	19.9	0.000574	discard	# BM25 title score rank product
exp_243	discarded	0.441176	8.1	0.000570	discard	# Pure FAISS with popularity boost
exp_244	discarded	0.196078	8.2	0.000537	discard	# Pure FAISS inverse L2 scoring
exp_245	discarded	0.196078	7.2	0.000512	discard	# Pure FAISS L2 normalization
exp_246	discarded	0.225490	20.4	0.000595	discard	# Hybrid BM25 and FAISS re-ranking
exp_247	discarded	0.450980	8.3	0.000573	discard	# Semantic reranking via vote boost
exp_248	discarded	0.500000	8.4	0.000564	discard	# Pure FAISS with popularity boost
exp_249	discarded	0.196078	8.3	0.000576	discard	# FAISS retrieval with genre-similarity bias
exp_250	discarded	0.098039	8.5	0.000584	discard	# FAISS search with title-weighted embeddings
exp_251	discarded	0.196078	8.3	0.000519	discard	# Pure FAISS with distance normalization
exp_252	discarded	0.196078	8.6	0.000511	discard	# Pure FAISS minimal search
exp_253	discarded	0.196078	9.0	0.000518	discard	# Pure FAISS search
exp_254	discarded	0.196078	8.6	0.000516	discard	# Pure FAISS minimal search
exp_255	discarded	0.196078	8.8	0.000517	discard	# Pure FAISS search optimization
exp_256	discarded	0.196078	9.0	0.000517	discard	# Pure FAISS minimal search
exp_257	discarded	0.196078	8.6	0.000518	discard	# Pure FAISS minimal search
exp_258	discarded	0.196078	8.8	0.000518	discard	# Pure FAISS search
exp_259	discarded	0.196078	9.0	0.000519	discard	# Pure FAISS with base retrieval
exp_260	discarded	0.196078	9.5	0.000520	discard	# Pure FAISS minimal search
exp_261	discarded	0.196078	8.6	0.000526	discard	# Pure FAISS with 1000 pool
exp_262	ce1a93f	0.196078	7.9	0.000524	keep	# Pure FAISS with 50 candidates
exp_263	75fcfc7	0.196078	7.9	0.000501	keep	# Pure FAISS minimal search
exp_264	crash	0.000000	0.0	0.000508	crash	# FAISS with L2 normalization
exp_265	e36ccd9	0.196078	7.9	0.000519	keep	# Simple FAISS minimal search
exp_266	discarded	0.196078	7.9	0.000523	discard	# Pure FAISS with 20 candidate pool
exp_267	discarded	0.196078	8.6	0.000522	discard	# Pure FAISS minimal search
exp_268	discarded	0.196078	8.3	0.000523	discard	# Pure FAISS minimal search
exp_269	discarded	0.196078	8.8	0.000526	discard	Pure FAISS, 10 candidate pool.
exp_270	discarded	0.225490	8.0	0.000620	discard	# Boost FAISS by log-rating
exp_271	discarded	0.196078	9.2	0.000584	discard	# FAISS search with inverse L2
exp_272	discarded	0.392157	9.6	0.000598	discard	# FAISS index with popularity boost
exp_273	discarded	0.107843	10.7	0.000633	discard	# Pure FAISS with genre-boost
exp_274	discarded	0.382353	9.9	0.000616	discard	# FAISS with popularity-weighted ranking
exp_275	discarded	0.235294	20.2	0.000666	discard	# Hybrid BM25 and FAISS RRF
exp_276	discarded	0.441176	8.5	0.000628	discard	# Hybrid FAISS plus rating boost
exp_277	discarded	0.196078	8.3	0.000621	discard	# Vector search with genre bias
exp_278	discarded	0.235294	21.3	0.000610	discard	# Hybrid FAISS with title-BM25 boost
exp_279	discarded	0.196078	9.3	0.000614	discard	# FAISS with genre-match boost
exp_280	discarded	0.196078	8.4	0.000580	discard	# Pure FAISS with 1000 pool
exp_281	discarded	0.225490	18.8	0.000627	discard	# BM25 title and FAISS blend
exp_282	discarded	0.450980	8.1	0.000649	discard	# Embed title, overview separately, hybrid
exp_283	discarded	0.313725	11.3	0.000637	discard	BM25 retrieval reranked by popularity.
exp_284	discarded	0.196078	9.0	0.000604	discard	# FAISS with L2 distance ranking
exp_285	discarded	0.431373	7.8	0.000636	discard	# FAISS with popularity-weighted score
exp_286	discarded	0.156863	8.3	0.000631	discard	# FAISS with reranked title overlap
exp_287	discarded	0.450980	10.2	0.000639	discard	FAISS with normalized vote boost
exp_288	discarded	0.254902	338.0	0.000617	discard	# BM25 retrieve, re-rank by embedding
exp_289	discarded	0.196078	8.5	0.000634	discard	# Weighted FAISS with genre-match
exp_290	discarded	0.196078	8.2	0.000580	discard	Pure FAISS minimal search.
exp_291	discarded	0.196078	9.0	0.000581	discard	Pure FAISS with 50 candidates.
exp_292	discarded	0.196078	8.3	0.000573	discard	# Pure FAISS with 10 pool
exp_293	a2896b1	0.196078	6.9	0.000574	keep	# Minimal FAISS search
exp_294	discarded	0.196078	8.1	0.000562	discard	# Pure FAISS minimal search
exp_295	discarded	0.196078	7.8	0.000561	discard	# Simple FAISS minimal search
exp_296	discarded	0.196078	9.2	0.000563	discard	# Pure FAISS minimal retrieval
exp_297	discarded	0.196078	8.2	0.000564	discard	# Minimal FAISS search
exp_298	discarded	0.196078	7.2	0.000566	discard	# Minimal FAISS search with L2
exp_299	discarded	0.196078	8.6	0.000565	discard	# Pure FAISS minimal search
exp_300	discarded	0.470588	8.2	0.000644	discard	# Rerank with weighted popularity boost
exp_301	discarded	0.284314	8.5	0.000616	discard	# FAISS pool with popularity reweight
exp_302	discarded	0.088235	7.9	0.000615	discard	# BM25 title word match rerank
exp_303	discarded	0.411765	7.8	0.000635	discard	# Boost top 50 via popularity
exp_304	discarded	0.205882	19.1	0.000650	discard	# Hybrid BM25 and FAISS retrieval
exp_305	discarded	0.401961	15.7	0.000632	discard	# Multi-query embedding average expansion
exp_306	discarded	0.196078	9.0	0.000613	discard	# FAISS search with inverse L2
exp_307	discarded	0.460784	9.7	0.000624	discard	# Popularity boost with raw FAISS
exp_308	discarded	0.450980	8.3	0.000644	discard	# Boost FAISS using popularity log-rank
exp_309	discarded	0.450980	8.0	0.000650	discard	# Boost FAISS by score scaling
exp_310	discarded	0.220000	23.1	0.000667	discard	# BM25 retrieve, re-rank with genre
exp_311	discarded	0.220000	11.8	0.000584	discard	# Embed concatenated text for search
exp_312	e25b142	0.410000	13.9	0.000647	keep	# FAISS retrieval, popularity score boost
exp_313	discarded	0.220000	11.6	0.000652	discard	# FAISS with genre-weighted boost
exp_314	f13b1dc	0.540000	12.2	0.000655	keep	# Log-popularity boosted FAISS search
exp_315	discarded	0.220000	13.1	0.000636	discard	# Pure FAISS with distance scaling
exp_316	discarded	0.220000	12.1	0.000658	discard	FAISS with genre overlap bonus
exp_317	discarded	0.270000	38.3	0.000682	discard	# Hybrid FAISS/BM25 reciprocal rank
exp_318	discarded	0.220000	10.4	0.000615	discard	# Pure FAISS minimal search
exp_319	discarded	0.480000	11.1	0.000672	discard	# Boosted FAISS with genre bias
exp_320	discarded	0.220000	11.1	0.000605	discard	Pure FAISS minimal search.
exp_321	discarded	0.220000	11.1	0.000609	discard	# Pure FAISS with smaller pool
exp_322	discarded	0.220000	10.9	0.000606	discard	# Minimal FAISS search
exp_323	discarded	0.220000	12.9	0.000624	discard	# Pure FAISS with 50 pool
exp_324	discarded	0.220000	12.3	0.000626	discard	# Pure FAISS with 50 candidates
exp_325	discarded	0.220000	11.1	0.000622	discard	Pure FAISS search minimal.
exp_326	discarded	0.220000	12.6	0.000622	discard	# Pure FAISS minimal search
exp_327	discarded	0.220000	12.0	0.000611	discard	# Pure FAISS minimal search
exp_328	discarded	0.220000	12.6	0.000623	discard	# Pure FAISS search
exp_329	discarded	0.220000	12.7	0.000611	discard	# Pure FAISS minimal search
exp_330	discarded	0.270000	41.5	0.000745	discard	# BM25 retrieve, re-rank by FAISS
exp_331	06ddbbb	0.540000	13.7	0.000658	keep	# Log-popularity boosted FAISS search
exp_332	discarded	0.320000	13.0	0.000663	discard	# Multi-vector query expansion search
exp_333	discarded	0.220000	10.7	0.000615	discard	# Pure FAISS with distance scaling
exp_334	discarded	0.450000	11.3	0.000672	discard	# FAISS with rating/pop boost
exp_335	dd91d03	0.520000	11.4	0.000679	keep	# Log-popularity and rating boost
exp_336	discarded	0.480000	11.1	0.000693	discard	# FAISS distance with sigmoid scaling
exp_337	discarded	0.220000	10.6	0.000692	discard	# FAISS with genre-word embedding boost
exp_338	discarded	0.320000	12.3	0.000678	discard	# Boost FAISS by normalized rating
exp_339	discarded	0.480000	10.6	0.000674	discard	# Boost FAISS by vote count
exp_340	discarded	0.220000	11.4	0.000624	discard	Pure FAISS minimal search
exp_341	discarded	0.220000	11.0	0.000626	discard	# Pure FAISS search
exp_342	discarded	0.220000	10.7	0.000629	discard	# Pure FAISS with 10 pool
exp_343	discarded	0.220000	10.7	0.000628	discard	# Pure FAISS minimal search
exp_344	discarded	0.220000	10.9	0.000637	discard	# Pure FAISS with 50 pool
exp_345	discarded	0.220000	10.4	0.000634	discard	# Pure FAISS with 30 pool
exp_346	discarded	0.220000	10.7	0.000632	discard	Pure FAISS search minimal.
exp_347	discarded	0.220000	10.7	0.000633	discard	Pure FAISS with direct index search.
exp_348	discarded	0.220000	10.9	0.000634	discard	# Pure FAISS minimal search
exp_349	discarded	0.220000	11.0	0.000634	discard	Pure FAISS minimal search
exp_350	discarded	0.220000	11.0	0.000639	discard	# Pure FAISS minimal search
exp_351	discarded	0.220000	10.7	0.000642	discard	# Pure FAISS minimal search
exp_352	discarded	0.220000	10.7	0.000644	discard	# Minimal FAISS top-k search
exp_353	discarded	0.220000	11.0	0.000644	discard	# Direct FAISS index search
exp_354	discarded	0.220000	12.2	0.000646	discard	# Minimal FAISS top-k index search
exp_355	discarded	0.220000	10.9	0.000646	discard	Pure FAISS minimal search.
exp_356	discarded	0.220000	11.2	0.000647	discard	# Pure FAISS with flat search
exp_357	discarded	0.220000	10.5	0.000648	discard	Pure FAISS minimal search
exp_358	discarded	0.220000	10.1	0.000649	discard	# Pure FAISS with direct slicing
exp_359	discarded	0.220000	10.6	0.000650	discard	# Pure FAISS minimal search
exp_360	discarded	0.220000	10.9	0.000667	discard	# Pure FAISS with 50 candidates
exp_361	discarded	0.220000	11.2	0.000652	discard	# Minimal pure FAISS search
exp_362	discarded	0.220000	11.0	0.000653	discard	# Pure FAISS minimal retrieval
exp_363	discarded	0.220000	11.1	0.000654	discard	Pure FAISS with minimum overhead.
exp_364	discarded	0.220000	11.9	0.000655	discard	Pure FAISS minimal search
exp_365	discarded	0.220000	10.8	0.000654	discard	# Minimal FAISS search with indexing
exp_366	discarded	0.220000	11.0	0.000657	discard	# Pure FAISS with direct access
exp_367	discarded	0.220000	10.8	0.000659	discard	# Minimal FAISS search with 10k
exp_368	discarded	0.220000	10.5	0.000660	discard	Pure FAISS direct index search.
exp_369	discarded	0.220000	10.7	0.000660	discard	# Pure FAISS search
exp_370	discarded	0.220000	10.8	0.000659	discard	# Pure FAISS with direct slicing
exp_371	discarded	0.220000	10.8	0.000661	discard	# Minimal FAISS search
exp_372	discarded	0.220000	11.9	0.000663	discard	# Minimal FAISS top-k search
exp_373	discarded	0.220000	10.9	0.000664	discard	# Pure FAISS minimal retrieval
exp_374	discarded	0.220000	10.9	0.000664	discard	Pure FAISS minimal search
exp_375	discarded	0.220000	10.8	0.000663	discard	Pure FAISS minimal search
exp_376	discarded	0.220000	10.6	0.000666	discard	Pure FAISS minimal search
exp_377	discarded	0.220000	10.8	0.000667	discard	# Pure FAISS minimal search
exp_378	discarded	0.220000	10.3	0.000667	discard	Minimal FAISS index lookup
exp_379	discarded	0.220000	10.9	0.000667	discard	Direct FAISS index search
exp_380	discarded	0.220000	12.4	0.000666	discard	# Minimal FAISS search
exp_381	discarded	0.220000	10.6	0.000670	discard	Pure FAISS direct index search.
exp_382	discarded	0.220000	12.6	0.000672	discard	# Minimal FAISS top-k index lookup
exp_383	discarded	0.220000	11.8	0.000672	discard	# Minimal pure FAISS lookup
exp_384	discarded	0.220000	10.3	0.000673	discard	# Optimized direct FAISS index search
exp_385	discarded	0.000000	19.7	0.000820	discard	Use BM25 to score the entire dataset first, then refine the top 200 candidates using FAISS L2 distance.
exp_386	discarded	0.220000	6.4	0.000769	discard	Re-rank using a combined score of FAISS distance and a genre-match boost from the query string
exp_387	discarded	0.280000	19.9	0.000849	discard	use a two-stage approach with BM25 for retrieval and FAISS for final re-ranking
exp_388	crash	0.000000	0.0	0.000782	crash	Query expansion using local pseudo-relevance feedback to re-rank FAISS results
exp_389	discarded	0.330000	25.6	0.000841	discard	Multi-field expansion: concatenate title and overview for embedding, and combine with BM25 via normalized score fusion
exp_390	discarded	0.460000	20.5	0.000840	discard	Hybrid retrieval using BM25 and FAISS with score-based late fusion
exp_391	discarded	0.270000	20.1	0.000816	discard	Hybrid search using log-normalized BM25 scores and FAISS L2 distance via reciprocal rank fusion to balance semantic and keyword relevance.
exp_392	discarded	0.390000	6.1	0.000819	discard	Hybrid retrieval using a larger FAISS candidate pool followed by genre-aware reranking and popularity adjustment
exp_393	discarded	0.270000	20.3	0.000855	discard	Hybrid retrieval using FAISS for top-K extraction and BM25 on full text for secondary reranking of the top pool
exp_394	discarded	0.220000	5.2	0.000712	discard	direct FAISS lookup with minimal index overhead
exp_395	discarded	0.220000	5.7	0.000718	discard	Minimalist direct FAISS index search to minimize latency
exp_396	discarded	0.220000	6.3	0.000720	discard	Pure FAISS minimal search with reduced candidate pool size to minimize latency.
exp_397	discarded	0.220000	5.6	0.000718	discard	Minimalist FAISS retrieval with direct indexing
exp_398	discarded	0.220000	5.8	0.000731	discard	Pure FAISS minimal search with optimized candidate pool and direct indexing
exp_399	discarded	0.220000	8.8	0.000721	discard	Minimalist FAISS search with early exit on top_k results.
exp_400	discarded	0.220000	9.1	0.000718	discard	minimalist pure FAISS search
exp_401	discarded	0.220000	6.9	0.000720	discard	minimalist pure FAISS search to minimize latency and cost
exp_402	discarded	0.220000	6.3	0.000720	discard	Minimal pure FAISS search to minimize latency and token cost
exp_403	discarded	0.460000	6.7	0.000748	discard	simple FAISS with vote_count log-boost
exp_404	discarded	0.300000	20.3	0.000862	discard	Use BM25 for broad recall retrieval and FAISS for semantic re-ranking
exp_405	discarded	0.260000	21.9	0.000838	discard	Hybrid retrieval using BM25 with a title-boost factor and FAISS for semantic re-ranking with popularity-based score adjustment
exp_406	discarded	0.290000	21.3	0.000872	discard	Hybrid retrieval using BM25 with a title-boost factor and FAISS for semantic re-ranking with popularity-based score adjustment
exp_407	discarded	0.330000	20.5	0.000871	discard	hybrid search with BM25 title word match boost and FAISS distance refinement
exp_408	discarded	0.270000	19.7	0.000906	discard	RRF of BM25 and FAISS with corrected score normalization
exp_409	discarded	0.510000	20.5	0.000839	discard	Retrieve 1000 candidates with FAISS, boost by a normalized combined popularity/rating score, and re-rank with BM25.
exp_410	discarded	0.270000	20.0	0.000857	discard	Hybrid BM25 and FAISS with Reciprocal Rank Fusion using weighted rankings
exp_411	discarded	0.330000	21.4	0.000902	discard	Re-rank using a weighted combination of BM25 (text relevance) and FAISS (semantic similarity) on a large candidate pool.
exp_412	discarded	0.480000	22.2	0.000958	discard	Use BM25 on the title and overview fields to retrieve a larger candidate pool of 500, then perform reranking using a weighted combination of semantic similarity (FAISS) and popularity metrics (vote_count).
exp_413	discarded	0.380000	20.6	0.000871	discard	Retrieve 1000 candidates with FAISS, boost by a normalized combined popularity/rating score, and re-rank with BM25.
exp_414	discarded	0.250000	20.4	0.000840	discard	Retrieve 500 candidates via FAISS, then perform BM25-based re-ranking on the overview field.
exp_415	discarded	0.500000	25.9	0.000924	discard	Multi-field embedding (title+overview) with BM25 score fusion and popularity-based RRF
exp_416	discarded	0.160000	21.9	0.000892	discard	Use BM25 on the title and overview fields to retrieve a 500-candidate pool, then rerank using a combination of FAISS semantic score, popularity, and title-match boosting.
exp_417	discarded	0.270000	21.5	0.000889	discard	Optimized hybrid retrieval using RRF on BM25 and FAISS with title-boosted BM25
exp_418	discarded	0.170000	159.8	0.000925	discard	Hybrid retrieval using BM25 with title-weighting and FAISS semantic search, combined via simple additive score normalization.
exp_419	discarded	0.270000	19.6	0.000879	discard	hybrid BM25 and FAISS with RRF using optimal weight balance
exp_420	discarded	0.350000	8.8	0.000871	discard	retrieve 200 candidates via FAISS, re-rank by BM25 on full text, and apply a final boost using popularity and rating
exp_421	discarded	0.220000	22.8	0.000965	discard	Retrieve 1000 candidates via BM25 on the title field specifically, then re-rank using FAISS semantic distance and a genre-match boost.
exp_422	discarded	0.220000	5.6	0.000820	discard	Pure FAISS lookup with a larger candidate pool of 500 for better semantic recall
exp_423	discarded	0.270000	19.4	0.000932	discard	Hybrid retrieval using BM25 with title-specific weighting and FAISS semantic search, combined via RRF.
exp_424	discarded	0.220000	9.9	0.000799	discard	Pure BM25 retrieval on the concatenated text field (title + overview) with no extra reranking.
exp_425	discarded	0.270000	20.0	0.000928	discard	Use BM25 for initial broad retrieval of 500 candidates, then compute semantic similarity using FAISS L2 distance on the full candidate set, and re-rank the union using reciprocal rank fusion for better balanced results.
exp_426	discarded	0.480000	19.7	0.000934	discard	Combine BM25 on titles with FAISS vector similarity and apply a popularity-informed re-ranking.
exp_427	discarded	0.420000	20.6	0.000939	discard	hybrid BM25 and FAISS with log-scale popularity boost and title keyword priority
exp_428	discarded	0.260000	20.4	0.000892	discard	Hybrid retrieval using BM25 with dynamic title/overview weights and popularity-informed re-ranking
exp_429	discarded	0.250000	20.5	0.000963	discard	Retrieve 1000 candidates via FAISS, then perform BM25-based re-ranking on the title and overview fields, incorporating a popularity boost.
exp_430	discarded	0.540000	20.8	0.000974	discard	Use BM25 on the title and overview to retrieve 500 candidates, then re-rank using FAISS semantic distance combined with a logarithmic popularity boost to prioritize high-quality, relevant results.
exp_431	discarded	0.420000	21.5	0.000955	discard	Retrieve 1000 candidates via BM25 on the title/overview, re-rank with FAISS semantic score, and apply a final boost using vote_count and vote_average.
exp_432	discarded	0.270000	20.3	0.000968	discard	Hybrid retrieval using BM25 and FAISS with RRF rank fusion and popularity weighting
exp_433	discarded	0.000000	20.3	0.000955	discard	Retrieve 1000 candidates via BM25, score them by BM25, and then refine using FAISS distance.
exp_434	discarded	0.340000	20.5	0.000944	discard	Hybrid retrieval using BM25 on titles and FAISS on overview, with popularity-based re-ranking.
exp_435	discarded	0.240000	20.8	0.000979	discard	Use BM25 for initial broad recall of 1000, then re-rank top 1000 by FAISS semantic similarity to leverage both keyword match and semantic meaning.
exp_436	discarded	0.520000	6.2	0.000947	discard	Retrieve 1000 candidates via FAISS, then perform a final ranking based on the product of semantic score (1/(1+L2)) and a normalized popularity score derived from vote_count and vote_average.
exp_437	discarded	0.270000	20.8	0.000963	discard	hybrid search using BM25 on the title field combined with FAISS via RRF
exp_438	None	0.550000	6.0	0.000924	keep	pure FAISS retrieval with a larger, robust 500-candidate pool and aggressive popularity/rating re-ranking
exp_439	discarded	0.220000	8.5	0.000897	discard	Pure FAISS retrieval with a larger candidate pool of 1500 to maximize recall and minimal re-ranking overhead.
exp_440	discarded	0.220000	13.7	0.000938	discard	Pure BM25 retrieval on full text with genre-weighted ranking
exp_441	discarded	0.270000	20.5	0.000970	discard	Query-independent hybrid retrieval: BM25 on text + FAISS semantic search with score-based RRF to balance keyword precision and semantic recall.
exp_442	discarded	0.300000	19.5	0.000955	discard	Hybrid FAISS semantic search with BM25 title word matching and logarithmic popularity boost.
exp_443	discarded	0.220000	21.2	0.000975	discard	Use BM25 for initial 1000-candidate retrieval, then re-rank with FAISS semantic scores to prioritize keyword-relevant semantic matches.
exp_444	discarded	0.470000	6.2	0.000935	discard	Retrieve 1000 candidates via FAISS, then perform re-ranking using an exponential popularity weight (vote_average^2 * log1p(vote_count)) to prioritize high-quality, popular content.
exp_445	discarded	0.220000	6.2	0.000904	discard	Pure FAISS retrieval with a large 1000-candidate pool and normalized L2 distance ranking.
exp_446	discarded	0.300000	20.1	0.000997	discard	hybrid BM25 and FAISS with score-based late fusion
exp_447	discarded	0.540000	7.5	0.000978	discard	retrieve 2000 candidates via FAISS, then perform a two-stage re-ranking: first by genre match, then by a combined score of semantic distance and popularity.
exp_448	discarded	0.220000	7.3	0.000931	discard	Pure FAISS retrieval with a significantly larger 5000-candidate pool and direct L2 distance scoring to maximize recall by avoiding premature filtering.
exp_449	discarded	0.400000	22.0	0.001042	discard	Use BM25 for broad recall retrieval on full text, then re-rank the top 500 candidates using FAISS semantic scores and a vote-based popularity boost.
exp_450	discarded	0.440000	22.1	0.001025	discard	Retrieve 1000 candidates via BM25 on the concatenated text (title + overview), then re-rank using semantic similarity and popularity normalization.
exp_451	discarded	0.220000	6.1	0.000944	discard	Pure FAISS retrieval with expanded candidate pool and adaptive L2-based semantic ranking
exp_452	discarded	0.320000	20.6	0.001025	discard	retrieve 2000 candidates via FAISS, then perform re-ranking using an exponential weight of normalized BM25 score (on title) and semantic similarity.
exp_453	discarded	0.520000	6.9	0.000975	discard	pure FAISS retrieval with large candidate pool and rank-based popularity boost
exp_454	discarded	0.320000	21.2	0.001027	discard	Retrieve 1000 candidates via BM25, then perform a two-stage re-ranking: first by semantic similarity using FAISS, then by applying a popularity-based weight to the semantic score.
exp_455	discarded	0.270000	18.9	0.000992	discard	Hybrid BM25 on titles and FAISS on overview, with reciprocal rank fusion for balanced retrieval.
exp_456	discarded	0.360000	21.3	0.001045	discard	Expand candidate pool, apply RRF to combine BM25 and FAISS scores, use popularity for tie-breaking
exp_457	discarded	0.220000	7.8	0.000950	discard	Pure FAISS retrieval with an aggressive 1000-candidate pool and inverse L2 semantic scoring to maximize recall by avoiding premature filtering.
exp_458	discarded	0.410000	20.4	0.001051	discard	Hybrid retrieval using BM25 on text for recall and FAISS semantic similarity for precision, with popularity-weighted re-ranking.
exp_459	discarded	0.270000	20.7	0.001026	discard	Use BM25 on the title field for high-precision recall, combine with FAISS vector similarity on the overview field via RRF (k=60), and return the highest ranked.
exp_460	discarded	0.170000	6.9	0.001002	discard	Retrieve 1000 candidates via FAISS, then perform re-ranking using an inverse L2 distance score, with a boost for movies where the query terms appear in the title.
exp_461	discarded	0.250000	21.4	0.001040	discard	Use BM25 for broad recall retrieval on full text, then re-rank the top 500 candidates using FAISS semantic scores and a popularity-based boost.
exp_462	discarded	0.220000	9.6	0.000965	discard	pure FAISS retrieval with a significantly larger candidate pool of 2000 and simple inverse distance scoring for maximum recall
exp_463	discarded	0.440000	24.9	0.001091	discard	Perform BM25 retrieval on full text to get a large pool, then re-rank with FAISS semantic score and popularity-based weighted scoring.
exp_464	None	0.580000	21.6	0.001104	keep	BM25 retrieve 1000, rank by semantic similarity and popularity
exp_465	discarded	0.560000	22.0	0.001067	discard	BM25 retrieval of 2000 candidates followed by FAISS reranking and multiplicative popularity boost
exp_466	discarded	0.370000	22.1	0.001072	discard	Perform FAISS search on top 2000, then re-rank using a weighted combination of semantic similarity and a popularity-boosted BM25 score.
exp_467	discarded	0.220000	7.4	0.000970	discard	Pure FAISS retrieval with minimal overhead to minimize latency
exp_468	discarded	0.220000	6.5	0.000964	discard	Pure FAISS retrieval with minimal candidate pool for latency optimization
exp_469	discarded	0.220000	6.5	0.000963	discard	minimalist pure FAISS search to minimize latency
exp_470	discarded	0.220000	6.2	0.000963	discard	Pure FAISS retrieval with minimal overhead for low-latency ranking
exp_471	discarded	0.220000	5.5	0.000981	discard	pure FAISS search with minimal footprint for latency optimization
exp_472	discarded	0.220000	7.9	0.000960	discard	Pure FAISS retrieval with minimal overhead for low-latency ranking
exp_473	discarded	0.220000	9.0	0.000959	discard	direct pure FAISS retrieval with minimal k to minimize latency
exp_474	discarded	0.220000	7.2	0.000956	discard	minimalist pure FAISS search with early exit on top_k results
exp_475	discarded	0.220000	7.3	0.000955	discard	minimalist pure FAISS search with direct index lookup
exp_476	discarded	0.220000	5.9	0.000956	discard	Minimalist pure FAISS index search to maximize latency performance.
exp_477	discarded	0.240000	20.8	0.001125	discard	Optimized hybrid search with early-exit FAISS and BM25 score blending
exp_478	discarded	0.240000	22.5	0.001108	discard	Optimized hybrid search using BM25 for retrieval and FAISS for lightweight reranking with popularity boost
exp_479	crash	0.000000	inf	0.001128	crash	Optimized hybrid search using BM25 to prune to 200 candidates and FAISS for lightweight semantic scoring with a popularity-informed rank boost
exp_480	discarded	0.280000	20.1	0.001158	discard	Hybrid retrieval using BM25 with a lightweight 500-candidate pool and FAISS reranking to reduce overhead.
exp_481	discarded	0.310000	21.0	0.001159	discard	Hybrid search using BM25 for top-100 recall and FAISS with vector normalization for high-performance reranking
exp_482	discarded	0.030000	20.7	0.001098	discard	Hybrid search using BM25 for top-100 recall and FAISS with vector normalization for high-performance reranking
exp_483	discarded	0.260000	19.9	0.001138	discard	Hybrid search using BM25 for top-200 candidate retrieval and simple FAISS-based L2 scoring for reranking, avoiding unnecessary dataframe operations to reduce latency.
exp_484	discarded	0.220000	20.7	0.001131	discard	efficient hybrid search using BM25 top-200 retrieval and vectorized index scoring
exp_485	discarded	0.420000	23.1	0.001146	discard	Hybrid search using BM25 for top-150 candidate retrieval and fast FAISS semantic ranking with pre-normalized popularity boosts.
exp_486	discarded	0.380000	20.6	0.001141	discard	Reduce candidate pool to 100 for BM25 retrieval and eliminate secondary dataframe operations to minimize latency.
exp_487	discarded	0.410000	27.8	0.001181	discard	combine BM25 and FAISS via normalized RRF and popularity boost for latency and recall
exp_488	discarded	0.220000	11.6	0.001082	discard	BM25-only search with title/popularity weighting for speed
exp_489	discarded	0.350000	19.3	0.001133	discard	Hybrid BM25 and FAISS search with early-exit L2 distance scoring and popularity prioritization
exp_490	discarded	0.280000	20.8	0.001142	discard	hybrid search with BM25-based candidate pruning and optimized FAISS semantic reranking
exp_491	discarded	0.220000	19.9	0.001129	discard	Optimized hybrid search with early-exit FAISS and BM25 score blending
exp_492	discarded	0.490000	20.8	0.001134	discard	Efficient hybrid search using BM25 top-200 retrieval and optimized FAISS semantic ranking with simplified popularity boosting
exp_493	discarded	0.240000	23.2	0.001173	discard	Hybrid search with streamlined top-100 BM25 retrieval and fast FAISS scoring, removing extra dataframe operations.
exp_494	discarded	0.400000	23.2	0.001190	discard	Hybrid search using BM25 with title-boost and FAISS reranking on a 150-candidate pool to optimize latency and recall.
exp_495	discarded	0.360000	20.9	0.001216	discard	Parallelized retrieval with BM25 on text and FAISS on embedding space to reduce index access time
exp_496	discarded	0.420000	20.4	0.001113	discard	Reduced BM25 candidate pool to 150 with fast FAISS reranking and simplified popularity weight
exp_497	discarded	0.270000	18.8	0.001099	discard	hybrid search with BM25 title/overview retrieval and RRF reranking
exp_498	discarded	0.240000	22.4	0.001172	discard	hybrid search with BM25 score scaling and popularity-based rank adjustment
exp_499	discarded	0.500000	22.3	0.001210	discard	Hybrid search with BM25 title boosting and FAISS-based semantic score fusion
exp_500	discarded	0.380000	20.2	0.001140	discard	hybrid search with BM25 top-500 retrieval and popularity-boosted FAISS reranking
exp_501	discarded	0.370000	10.2	0.001145	discard	Retrieve 500 candidates via BM25, sort by BM25, and boost using a normalized sigmoid popularity-rating function to preserve recall while improving ranking precision.
exp_502	discarded	0.340000	20.0	0.001159	discard	BM25 retrieval of 500 candidates combined with L2 semantic ranking and a logarithmic popularity-rating boost for improved precision.
exp_503	discarded	0.480000	21.9	0.001175	discard	Use BM25 for top-1000 retrieval and rerank using FAISS with a popularity boost based on vote_average and log-scaled vote_count to optimize recall.
exp_504	discarded	0.550000	20.5	0.001199	discard	Hybrid search using BM25 with title-boost and FAISS semantic reranking, using vote_count and vote_average for normalized popularity adjustment.
exp_505	discarded	0.310000	20.4	0.001180	discard	hybrid search with BM25 title/overview retrieval and RRF reranking
exp_506	discarded	0.270000	21.4	0.001190	discard	hybrid search using BM25 with title-weighting and FAISS semantic search, combined via RRF (k=60)
exp_507	crash	0.000000	inf	0.001220	crash	Hybrid search with BM25 title-boost and FAISS semantic reranking, incorporating a normalized sigmoid popularity boost on a 500-candidate pool.
exp_508	discarded	0.350000	20.6	0.001206	discard	Efficient hybrid search using 500-candidate BM25 retrieval and vectorized L2 FAISS scoring with popularity adjustment
exp_509	discarded	0.250000	21.2	0.001219	discard	Hybrid search using BM25 with a dynamic candidate pool size and popularity-weighted semantic re-ranking.
exp_510	discarded	0.440000	23.6	0.001283	discard	hybrid search with title-boosted BM25 and fast FAISS semantic reranking
exp_511	discarded	0.240000	20.5	0.001247	discard	hybrid search using BM25 for retrieval and FAISS for semantic re-ranking with a genre-based bias
exp_512	discarded	0.310000	21.2	0.001230	discard	Hybrid BM25+FAISS search with a normalized score blending and popularity-weighted re-ranking.
exp_513	discarded	0.550000	21.9	0.001241	discard	Hybrid search using BM25 with title-boosted scoring and FAISS L2 similarity for reranking with a popularity prior.
exp_514	discarded	0.220000	22.3	0.001246	discard	Hybrid search using BM25 with title-boosted scoring and FAISS L2 similarity for reranking with a popularity prior.
exp_515	discarded	0.500000	22.1	0.001239	discard	Hybrid search using BM25 with title-boost and FAISS semantic reranking, using normalized popularity scores on a 500-candidate pool.
exp_516	discarded	0.560000	21.7	0.001238	discard	hybrid search with BM25 title boosting and FAISS semantic reranking, using log-normalized popularity weights on a 500-candidate pool.
exp_517	discarded	0.290000	40.2	0.001238	discard	Hybrid BM25/FAISS with RRF using K=60, title-boosted BM25, and sigmoid popularity weighting on a 200-candidate pool.
exp_518	discarded	0.340000	20.4	0.001238	discard	hybrid search using BM25 for retrieval and FAISS for re-ranking with popularity-weighted scoring
exp_519	discarded	0.380000	20.5	0.001366	discard	Hybrid search using title-weighted BM25 and FAISS, utilizing RRF with K=60 for score fusion and popularity-informed re-ranking.
exp_520	discarded	0.430000	20.9	0.001257	discard	Hybrid search using BM25 with title boosting and FAISS semantic L2 ranking with a logarithmic vote-count popularity bias.
exp_521	discarded	0.610000	29.0	0.001251	discard	hybrid search with BM25 title boosting and FAISS semantic reranking using a calibrated popularity boost
exp_522	discarded	0.350000	29.0	0.001292	discard	Hybrid BM25 and FAISS search with title-boosted BM25 and genre-aware reranking
exp_523	discarded	0.270000	21.1	0.001263	discard	hybrid search using BM25 for top-1000 retrieval and semantic reranking with popularity-aware score fusion
exp_524	discarded	0.370000	21.2	0.001202	discard	Efficient hybrid search using BM25 top-200 retrieval and optimized FAISS semantic ranking with a popularity-informed rank boost
exp_525	discarded	0.350000	19.7	0.001276	discard	Hybrid search using BM25 with title-weighting and FAISS, integrated via a weighted combination of semantic similarity and popularity
exp_526	discarded	0.580000	21.8	0.001262	discard	Use BM25 for broad recall and FAISS semantic similarity on a 500-candidate pool, utilizing a genre-match boost and normalized popularity scaling.
exp_527	discarded	0.190000	21.1	0.001249	discard	Hybrid search using title-weighted BM25 and semantic FAISS with non-linear popularity integration
exp_528	discarded	0.360000	20.7	0.001257	discard	BM25-based candidate retrieval with genre-overlap scoring and popularity-based weight refinement
exp_529	discarded	0.340000	21.7	0.001274	discard	Hybrid search using title-weighted BM25 and FAISS with popularity-based score re-ranking.
exp_530	discarded	0.020000	66.1	0.001282	discard	Hybrid search using BM25 and FAISS with RRF k=60 and popularity-adjusted scoring
exp_531	discarded	0.500000	20.5	0.001289	discard	BM25-based candidate retrieval with normalized popularity and rating-based score re-ranking
exp_532	discarded	0.500000	20.7	0.001301	discard	Multi-stage hybrid search with BM25 recall, FAISS re-ranking, and genre/popularity boost
exp_533	discarded	0.450000	37.7	0.001295	discard	BM25 retrieval followed by FAISS reranking and popularity-adjusted scoring using logarithmic vote count and normalized rating.
exp_534	discarded	0.350000	20.4	0.001316	discard	Hybrid search using title-weighted BM25 and FAISS vector similarity via normalized score fusion
exp_535	discarded	0.300000	21.5	0.001282	discard	Hybrid search using BM25 with dynamic weighting and FAISS similarity, optimized with normalized popularity scores to improve ranking precision without increasing latency.
exp_536	discarded	0.380000	22.6	0.001336	discard	Hybrid search using title-weighted BM25 and FAISS vector similarity, normalized with a popularity prior to boost ranking precision.
exp_537	discarded	0.320000	35.5	0.001277	discard	Use BM25 for top-100 candidate retrieval and re-rank via FAISS semantic similarity with a boost for movies with high popularity and rating.
exp_538	discarded	0.350000	22.1	0.001236	discard	Hybrid search using BM25 for top-500 candidate retrieval and FAISS semantic ranking with a popularity-informed rank boost
exp_539	discarded	0.410000	19.2	0.001257	discard	hybrid retrieval with BM25 score fusion and popularity-informed re-ranking using L2 distance
exp_540	discarded	0.350000	20.4	0.001320	discard	hybrid search with BM25 score fusion and popularity-informed re-ranking using L2 distance
exp_541	None	0.550000	20.4	0.001262	keep	Hybrid BM25 and FAISS search with early-exit L2 distance scoring and popularity prioritization
exp_542	discarded	0.310000	21.9	0.001295	discard	Efficient hybrid search using BM25 for retrieval and FAISS for semantic scoring with popularity normalization and genre bias.
exp_543	discarded	0.370000	27.7	0.001287	discard	Hybrid search using BM25 with a title-boost factor and FAISS for semantic re-ranking with popularity-based score adjustment
exp_544	discarded	0.500000	20.2	0.001256	discard	BM25 retrieval followed by FAISS reranking with minimized overhead and popularity-adjusted scoring
exp_545	discarded	0.490000	20.3	0.001314	discard	RRF-based hybrid search using BM25 and FAISS with minimal overhead
exp_546	discarded	0.410000	23.8	0.001302	discard	Optimized hybrid search using BM25 and FAISS with RRF re-ranking and genre-boosted popularity weights
exp_547	discarded	0.290000	20.6	0.001305	discard	Optimize retrieval by combining BM25 and FAISS with a simple scalar fusion and popularity normalization
exp_548	discarded	0.250000	19.7	0.001300	discard	Hybrid search using BM25 and FAISS with normalized scores, removing redundant dataframe operations to reduce latency.
exp_549	discarded	0.240000	34.1	0.001292	discard	Hybrid BM25 and FAISS search with optimized index usage and popularity weighting
exp_550	discarded	0.210000	19.1	0.001291	discard	Hybrid search using BM25 with title-boost and FAISS reranking, omitting popularity normalization to minimize latency while maintaining recall.
exp_551	discarded	0.220000	19.8	0.001258	discard	Hybrid search using BM25 with title-weighting and FAISS semantic reranking, optimized to remove redundant dataframe operations and minimize cost.
exp_552	discarded	0.420000	20.6	0.001304	discard	Use BM25 for retrieval and FAISS for reranking on top 200, incorporating logarithmic popularity boost to improve precision.
exp_553	discarded	0.260000	20.0	0.001316	discard	Optimize latency by reducing candidate pool to 150 for BM25 retrieval and performing vectorized FAISS scoring without redundant indexing
exp_554	discarded	0.220000	19.2	0.001274	discard	Optimized hybrid search using BM25 top-100 recall and FAISS semantic ranking with simplified, low-latency score merging.
exp_555	discarded	0.220000	19.0	0.001289	discard	hybrid BM25 and FAISS search with early-exit FAISS scoring to minimize latency
exp_556	discarded	0.230000	20.3	0.001309	discard	streamlined hybrid retrieval with BM25 score prioritization and minimal FAISS re-ranking to reduce latency
exp_557	discarded	0.220000	19.0	0.001316	discard	Hybrid search using BM25 with dynamic score normalization and lightweight FAISS re-ranking to minimize latency
exp_558	discarded	0.240000	20.6	0.001310	discard	hybrid search using BM25 with fixed candidate pool and vectorized score integration
exp_559	discarded	0.460000	20.4	0.001295	discard	Optimize retrieval latency by using a smaller BM25 pool and avoiding logarithmic popularity transformations, focusing on direct score integration.
exp_560	discarded	0.220000	19.1	0.001299	discard	Combine BM25 scores and FAISS distance using a memory-efficient early-exit approach to minimize dataframes and maximize speed.
exp_561	discarded	0.230000	19.5	0.001304	discard	hybrid search with efficient BM25 retrieval and vectorized FAISS scoring
exp_562	discarded	0.290000	19.4	0.001286	discard	Optimized hybrid search with BM25 pruning and vectorized FAISS scoring
exp_563	discarded	0.290000	19.4	0.001315	discard	optimize latency by using fixed-k FAISS search and in-place scoring
exp_564	discarded	0.210000	21.3	0.001343	discard	optimized hybrid search using BM25 and FAISS with in-place ranking and early-exit logic
exp_565	discarded	0.260000	19.3	0.001313	discard	use BM25-based candidate filtering and pre-indexed FAISS search with minimal dataframe overhead to reduce latency
exp_566	discarded	0.260000	19.1	0.001295	discard	Optimize retrieval latency by using a vectorized BM25 candidate lookup and direct FAISS scoring without redundant dataframe copies.
exp_567	discarded	0.230000	19.7	0.001348	discard	optimize latency by using fixed-pool BM25 retrieval and direct FAISS score merging without extra dataframe filtering
exp_568	discarded	0.220000	18.9	0.001287	discard	Optimized hybrid search with early-exit FAISS and minimal data operations
exp_569	discarded	0.220000	19.3	0.001305	discard	Efficient hybrid search using BM25 and FAISS with in-place ranking to avoid heavy dataframe operations
exp_570	discarded	0.220000	20.0	0.001298	discard	hybrid search with BM25 top-100 retrieval and optimized FAISS semantic reranking
exp_571	discarded	0.230000	19.3	0.001333	discard	Optimized hybrid search using BM25 and FAISS with minimal dataframe overhead and simplified score scaling
exp_572	discarded	0.260000	19.1	0.001367	discard	Efficient hybrid search using direct BM25 top-200 filtering followed by FAISS semantic reranking without redundant dataframe copies.
exp_573	discarded	0.480000	28.3	0.001356	discard	Hybrid search using BM25 with a title-boosted weight and FAISS semantic reranking, integrating popularity via log-scaled vote_count to balance precision and recall.
exp_574	discarded	0.250000	19.2	0.001341	discard	Boost recall by using a larger FAISS pool and combining BM25 and semantic scores using robust L2 distance normalization.
exp_575	discarded	0.330000	20.7	0.001424	discard	Combine BM25 on full text and FAISS using a calibrated weighted fusion for better recall
exp_576	discarded	0.110000	29.3	0.001371	discard	RRF fusion of BM25 and FAISS with title-weighted BM25 for balanced recall
exp_577	discarded	0.540000	5.6	0.001331	discard	Hybrid search with genre-boosted FAISS embeddings and popularity-prioritized re-ranking
exp_578	discarded	0.310000	20.5	0.001396	discard	Hybrid search using BM25 with dynamic weight and FAISS distance-based re-ranking with popularity boost
exp_579	discarded	0.220000	21.5	0.001355	discard	RRF of BM25 and FAISS with title-weighted BM25 boost
exp_580	discarded	0.330000	24.4	0.001385	discard	Hybrid search using title-weighted BM25 and FAISS with RRF (k=60) and logarithmic popularity boost.
exp_581	discarded	0.500000	31.2	0.001396	discard	Hybrid search using title-weighted BM25 and FAISS vector similarity with genre-bias scoring
exp_582	discarded	0.520000	26.0	0.001420	discard	hybrid search using rank-scaled BM25 and FAISS with popularity-based re-ranking
exp_583	discarded	0.390000	20.0	0.001407	discard	Hybrid search using BM25 and FAISS with a simple inverse-distance and popularity re-ranking on a 500-candidate pool
exp_584	discarded	0.320000	22.8	0.001380	discard	Hybrid search using title-weighted BM25 and FAISS with RRF (k=60) and logarithmic popularity boost
exp_585	discarded	0.260000	23.1	0.001443	discard	Hybrid retrieval with BM25 on full text and FAISS on overview, combined with popularity-adjusted RRF for better recall.
exp_586	discarded	0.370000	20.6	0.001382	discard	RRF of BM25 and FAISS with k=60 and popularity-weighted scores
exp_587	discarded	0.240000	29.6	0.001436	discard	Hybrid retrieval using BM25 with dynamic title boost and FAISS semantic search, combined using normalized RRF for balanced recall and precision.
exp_588	discarded	0.260000	20.9	0.001370	discard	Hybrid search with BM25 score scaling and FAISS distance-based re-ranking with popularity boost
exp_589	discarded	0.320000	20.7	0.001384	discard	Hybrid retrieval using BM25 and FAISS with weighted score fusion and popularity-based re-ranking
exp_590	discarded	0.380000	22.1	0.001428	discard	Hybrid search using BM25 with title-boost and FAISS reranking, incorporating a normalized sigmoid popularity boost on a 500-candidate pool.
exp_591	discarded	0.390000	20.4	0.001391	discard	Hybrid search using BM25 and FAISS with score normalization and popularity boost
exp_592	discarded	0.530000	28.5	0.001386	discard	use BM25-based re-weighting of FAISS results with popularity priors
